<?xml version="1.0" encoding="utf-8" ?>
<!DOCTYPE hibernate-mapping PUBLIC
        "-//Hibernate/Hibernate Mapping DTD//EN"
        "http://www.hibernate.org/dtd/hibernate-mapping-3.0.dtd">

<hibernate-mapping>
    <class name="com.example.Student" table="h_student">
        <meta attribute="class-description">
            This class contains the student detail.
        </meta>
        <id name="id">
            <generator class="native"/>
        </id>
        <property name="name"></property>
        <property name="sex"></property>
        <property name="address"></property>
        <property name="password"></property>
    </class>
</hibernate-mapping>