<?xml version='1.0' encoding='utf-8'?>
<!DOCTYPE hibernate-configuration PUBLIC
        "-//Hibernate/Hibernate Configuration DTD//EN"
        "http://www.hibernate.org/dtd/hibernate-configuration-3.0.dtd">
<hibernate-configuration>
    <session-factory>
        <property name="hibernate.dialect">
            org.hibernate.dialect.MariaDB10Dialect
        </property>
        <property name="hibernate.connection.driver_class">
            com.mysql.jdbc.Driver
        </property>

        <property name="hibernate.connection.url">
            jdbc:mysql:///hibernate?useUnicode=true&amp;characterEncoding=UTF-8
        </property>
        <property name="hibernate.connection.username">wyh</property>
        <property name="hibernate.connection.password">123456</property>

        <property name="hibernate.hbm2ddl.auto">update</property>

        <property name="hibernate.show_sql">true</property>
        <property name="hibernate.format_sql">true</property>
        <mapping resource="com/example/Student.hbm.xml"></mapping>
    </session-factory>
</hibernate-configuration>